{
    "camera_matrix": [
        [
            3940.4170,
            0.0,
            1253.1533
        ],
        [
            0.0,
            3940.3546,
            968.5193
        ],
        [
            0.0,
            0.0,
            1.0
        ]
    ],
    "distortion_coefficients": [
        [
            -0.260592,
            0.140663,
            0.000242,
            0.000512,
            0.0000
        ]
    ],
    "rotation_matrix": [
        [
            0.0443,
            -0.9990,
            0.0021
        ],
        [
            0.9990,
            0.0443,
            0.0005
        ],
        [
            -0.0005,
            0.0020,
            1.0000
        ]
    ],
    "translation_vector": [
        -15.9753,
        95.7752,
        964.4568
    ]
}