{
    "camera_matrix": [
        [
            5871.8508,
            0.0,
            1271.8317
        ],
        [
            0.0,
            5871.7078,
            958.2972
        ],
        [
            0.0,
            0.0,
            1.0
        ]
    ],
    "distortion_coefficients": [
        [
            -0.216260,
            0.349323,
            -0.000289,
            0.000452,
            0.0000
        ]
    ],
    "rotation_matrix": [
        [
            0.0443,
            -0.9990,
            0.0021
        ],
        [
            0.9990,
            0.0443,
            0.0005
        ],
        [
            -0.0005,
            0.0020,
            1.0000
        ]
    ],
    "translation_vector": [
        -15.9753,
        95.7752,
        964.4568
    ]
}