{
    "camera_matrix": [
        [
            6116.4141,
            0.0,
            1269.2611
        ],
        [
            0.0,
            6116.8261,
            959.4666
        ],
        [
            0.0,
            0.0,
            1.0
        ]
    ],
    "distortion_coefficients": [
        [
            -0.190208,
            0.040918,
            -0.000293,
            0.000090,
            0.0000
        ]
    ],
    "rotation_matrix": [
        [
            0.0443,
            -0.9990,
            0.0021
        ],
        [
            0.9990,
            0.0443,
            0.0005
        ],
        [
            -0.0005,
            0.0020,
            1.0000
        ]
    ],
    "translation_vector": [
        -15.9753,
        95.7752,
        964.4568
    ]
}