{
    "camera_matrix": [
        [
            25125.7569,
            0.0,
            1296.0000
        ],
        [
            0.0,
            25125.7569,
            972.0000
        ],
        [
            0.0,
            0.0,
            1.0
        ]
    ],
    "distortion_coefficients": [
        [
            0.213177,
            0.00000,
            0.000000,
            0.000000,
            0.000000
        ]
    ],
    "rotation_matrix": [
        [
            0.0443,
            -0.9990,
            0.0021
        ],
        [
            0.9990,
            0.0443,
            0.0005
        ],
        [
            -0.0005,
            0.0020,
            1.0000
        ]
    ],
    "translation_vector": [
        -15.9753,
        95.7752,
        964.4568
    ]
}