{
    "camera_matrix": [
        [
            2929.7124,
            0.0,
            1207.52
        ],
        [
            0.0,
            2930.6045,
            965.6390
        ],
        [
            0.0,
            0.0,
            1.0
        ]
    ],
    "distortion_coefficients": [
        [
           -0.270169,
            0.115021,
            -0.000446,
            -0.000114,
            0.0000
        ]
    ],
    "rotation_matrix": [
        [
            0.0443,
            -0.9990,
            0.0021
        ],
        [
            0.9990,
            0.0443,
            0.0005
        ],
        [
            -0.0005,
            0.0020,
            1.0000
        ]
    ],
    "translation_vector": [
        -15.9753,
        95.7752,
        964.4568
    ]
}