{
    "camera_matrix": [
        [
            3910.6681,
            0.0,
            1223.7233
        ],
        [
            0.0,
            3911.9684,
            985.5351
        ],
        [
            0.0,
            0.0,
            1.0
        ]
    ],
    "distortion_coefficients": [
        [
            -0.250432,
            0.102251,
            -0.000357,
            0.000095,
            0.0000
        ]
    ],
    "rotation_matrix": [
        [
            0.0443,
            -0.9990,
            0.0021
        ],
        [
            0.9990,
            0.0443,
            0.0005
        ],
        [
            -0.0005,
            0.0020,
            1.0000
        ]
    ],
    "translation_vector": [
        -15.9753,
        95.7752,
        964.4568
    ]
}