{
    "camera_matrix": [
        [
            3940.4170,
            0.0,
            1221.4759
        ],
        [
            0.0,
            3940.3546,
           958.17
        ],
        [
            0.0,
            0.0,
            1.0
        ]
    ],
    "distortion_coefficients": [
        [
            -0.202875,
            0.082274,
            -0.000090,
            0.000066,
            0.0000
        ]
    ],
    "rotation_matrix": [
        [
            0.0443,
            -0.9990,
            0.0021
        ],
        [
            0.9990,
            0.0443,
            0.0005
        ],
        [
            -0.0005,
            0.0020,
            1.0000
        ]
    ],
    "translation_vector": [
        -15.9753,
        95.7752,
        964.4568
    ]
}